Supplier,AvgDeliveryDays,NumOrders
New Orleans Cajun Delights,7.75844562808635,31676
PB Knäckebröd AB,7.770336648771982,15916
Ma Maison,7.776992732952339,15872
New England Seafood Cannery,7.782869596229614,15818
Zaanse Snoepfabriek,7.785976164655346,15677
Lyngbysild,7.788486466614727,15738
Formaggi Fortini s.r.l.,7.789974380313835,23691
Gai pâturage,7.791410175696478,15906
Nord-Ost-Fisch Handelsgesellschaft mbH,7.797593911435399,7951
"Pavlova, Ltd.",7.80312409315876,39591
