Supplier,AvgDeliveryDays,NumOrders
Pasta Buttini s.r.l.,7.873833345903379,15839
Heli Süßwaren GmbH & Co. KG,7.857572933302354,23796
Karkki Oy,7.856850668932578,23727
"G'day, Mate",7.8525807952161575,23635
Exotic Liquids,7.85005861304142,23735
Cooperativa de Quesos 'Las Cabras',7.848331953899699,15816
Svensk Sjöföda AB,7.840480683962195,23702
Forêts d'érables,7.837859590659815,15867
Grandma Kelly's Homestead,7.836185685574234,23764
Norske Meierier,7.835399755947723,23809
